sheet,row,col,original,new,action
张江复旦1号楼创新,20,9,,上海固特,changed
张江复旦1号楼创新,49,9,,上海固特,changed
张江复旦1号楼创新,82,9,新增,上海固特,changed
张江复旦1号楼创新,112,9,,上海固特,changed
张江复旦1号楼创新,136,9,,上海固特,changed
张江复旦1号楼创新,164,9,,上海固特,changed
张江复旦1号楼创新,192,9,,上海固特,changed
张江复旦1号楼创新,219,9,,上海固特,changed
张江复旦1号楼创新,253,9,新增,上海固特,changed
张江复旦1号楼创新,276,9,,上海固特,changed
张江复旦1号楼创新,303,9,,上海固特,changed
张江复旦1号楼创新,331,9,,上海固特,changed
张江复旦1号楼创新,356,9,,上海固特,changed
张江复旦1号楼创新,390,9,新增,上海固特,changed
张江复旦1号楼创新,418,9,,上海固特,changed
张江复旦1号楼创新,441,9,,上海固特,changed
张江复旦1号楼创新,468,9,,上海固特,changed
张江复旦1号楼创新,502,9,新增,上海固特,changed
张江复旦1号楼创新,529,9,,上海固特,changed
张江复旦1号楼创新,560,9,,上海固特,changed
张江复旦1号楼创新,598,9,新增,上海固特,changed
张江复旦1号楼创新,621,9,,上海固特,changed
张江复旦1号楼创新,648,9,,上海固特,changed
张江复旦1号楼创新,682,9,新增,上海固特,changed
张江复旦1号楼创新,717,9,,上海固特,changed
张江复旦1号楼创新,740,9,,上海固特,changed
张江复旦1号楼创新,775,9,,上海固特,changed
张江复旦1号楼创新,811,9,,上海固特,changed
张江复旦1号楼创新,834,9,,上海固特,changed
张江复旦1号楼创新,869,9,,上海固特,changed
张江复旦1号楼创新,892,9,,上海固特,changed
张江复旦1号楼创新,927,9,,上海固特,changed
张江复旦1号楼创新,962,9,,上海固特,changed
张江复旦1号楼创新,985,9,,上海固特,changed
张江复旦1号楼创新,1020,9,,上海固特,changed
张江复旦1号楼创新,1063,9,,上海固特,changed
张江复旦1号楼创新,1106,9,,上海固特,changed
张江复旦1号楼创新,1151,9,,上海固特,changed
张江复旦1号楼创新,1194,9,,上海固特,changed
张江复旦1号楼创新,1237,9,,上海固特,changed
张江复旦1号楼创新,1280,9,,上海固特,changed
张江复旦1号楼创新,1323,9,,上海固特,changed
张江复旦1号楼创新,1366,9,,上海固特,changed
张江复旦1号楼创新,1409,9,,上海固特,changed
张江复旦1号楼创新,1459,9,,上海固特,changed
张江复旦1号楼创新,1486,9,新增,上海固特,changed
张江复旦1号楼创新,1514,9,,上海固特,changed
张江复旦1号楼创新,1547,9,,上海固特,changed
张江复旦1号楼创新,1590,9,,上海固特,changed
张江复旦1号楼创新,1633,9,,上海固特,changed
张江复旦1号楼创新,1676,9,,上海固特,changed
张江复旦1号楼创新,1719,9,,上海固特,changed
张江复旦1号楼创新,1762,9,,上海固特,changed
张江复旦1号楼创新,1805,9,,上海固特,changed
张江复旦1号楼创新,1848,9,,上海固特,changed
张江复旦1号楼创新,1891,9,,上海固特,changed
张江复旦1号楼创新,1934,9,,上海固特,changed
张江复旦1号楼创新,1977,9,,上海固特,changed
张江复旦1号楼创新,2020,9,,上海固特,changed
张江复旦1号楼创新,2052,9,,上海固特,changed
张江复旦1号楼创新,2086,9,,上海固特,changed
张江复旦1号楼创新,2115,9,,上海固特,changed
张江复旦1号楼创新,2147,9,,上海固特,changed
张江复旦1号楼创新,2176,9,,上海固特,changed
张江复旦1号楼创新,2204,9,,上海固特,changed
张江复旦1号楼创新,2224,9,,上海固特,changed
张江复旦1号楼创新,2244,9,,上海固特,changed
张江复旦1号楼创新,2295,9,,上海固特,changed
张江复旦1号楼创新,2312,9,,上海固特,changed
张江复旦2号楼生物,21,9,,上海固特,changed
张江复旦2号楼生物,45,9,,上海固特,changed
张江复旦2号楼生物,69,9,,上海固特,changed
张江复旦2号楼生物,93,9,,上海固特,changed
张江复旦2号楼生物,117,9,,上海固特,changed
张江复旦2号楼生物,141,9,,上海固特,changed
张江复旦2号楼生物,166,9,,上海固特,changed
张江复旦2号楼生物,190,9,,上海固特,changed
张江复旦2号楼生物,214,9,,上海固特,changed
张江复旦2号楼生物,238,9,,上海固特,changed
张江复旦2号楼生物,262,9,,上海固特,changed
张江复旦2号楼生物,286,9,,上海固特,changed
张江复旦2号楼生物,310,9,,上海固特,changed
张江复旦2号楼生物,335,9,,上海固特,changed
张江复旦2号楼生物,359,9,,上海固特,changed
张江复旦2号楼生物,383,9,,上海固特,changed
张江复旦2号楼生物,407,9,,上海固特,changed
张江复旦2号楼生物,431,9,,上海固特,changed
张江复旦2号楼生物,455,9,,上海固特,changed
张江复旦2号楼生物,480,9,,上海固特,changed
张江复旦2号楼生物,502,9,,上海固特,changed
张江复旦2号楼生物,527,9,,上海固特,changed
张江复旦2号楼生物,552,9,,上海固特,changed
张江复旦2号楼生物,577,9,,上海固特,changed
张江复旦2号楼生物,602,9,,上海固特,changed
张江复旦2号楼生物,626,9,,上海固特,changed
张江复旦2号楼生物,650,9,,上海固特,changed
张江复旦2号楼生物,674,9,,上海固特,changed
张江复旦2号楼生物,700,9,,上海固特,changed
张江复旦2号楼生物,725,9,,上海固特,changed
张江复旦2号楼生物,750,9,,上海固特,changed
张江复旦2号楼生物,775,9,,上海固特,changed
张江复旦2号楼生物,800,9,,上海固特,changed
张江复旦2号楼生物,825,9,,上海固特,changed
张江复旦2号楼生物,851,9,,上海固特,changed
张江复旦2号楼生物,875,9,,上海固特,changed
张江复旦2号楼生物,899,9,,上海固特,changed
张江复旦2号楼生物,925,9,,上海固特,changed
张江复旦2号楼生物,950,9,,上海固特,changed
张江复旦2号楼生物,975,9,,上海固特,changed
张江复旦2号楼生物,1000,9,,上海固特,changed
张江复旦2号楼生物,1025,9,,上海固特,changed
张江复旦2号楼生物,1049,9,,上海固特,changed
张江复旦2号楼生物,1073,9,,上海固特,changed
张江复旦2号楼生物,1098,9,,上海固特,changed
张江复旦2号楼生物,1122,9,,上海固特,changed
张江复旦2号楼生物,1146,9,,上海固特,changed
张江复旦2号楼生物,1171,9,,上海固特,changed
张江复旦2号楼生物,1195,9,,上海固特,changed
张江复旦2号楼生物,1220,9,,上海固特,changed
张江复旦2号楼生物,1244,9,,上海固特,changed
张江复旦2号楼生物,1272,9,,上海固特,changed
张江复旦2号楼生物,1295,9,,上海固特,changed
张江复旦2号楼生物,1319,9,,上海固特,changed
张江复旦2号楼生物,1343,9,,上海固特,changed
张江复旦2号楼生物,1368,9,,上海固特,changed
张江复旦2号楼生物,1392,9,,上海固特,changed
张江复旦2号楼生物,1417,9,,上海固特,changed
张江复旦2号楼生物,1441,9,,上海固特,changed
张江复旦2号楼生物,1465,9,,上海固特,changed
张江复旦2号楼生物,1490,9,,上海固特,changed
张江复旦2号楼生物,1514,9,,上海固特,changed
张江复旦2号楼生物,1538,9,,上海固特,changed
张江复旦2号楼生物,1562,9,,上海固特,changed
张江复旦2号楼生物,1586,9,,上海固特,changed
张江复旦2号楼生物,1611,9,,上海固特,changed
张江复旦2号楼生物,1635,9,,上海固特,changed
张江复旦2号楼生物,1660,9,,上海固特,changed
张江复旦2号楼生物,1684,9,,上海固特,changed
张江复旦2号楼生物,1708,9,,上海固特,changed
张江复旦2号楼生物,1732,9,,上海固特,changed
张江复旦2号楼生物,1757,9,,上海固特,changed
张江复旦2号楼生物,1780,9,,上海固特,changed
张江复旦2号楼生物,1805,9,,上海固特,changed
张江复旦2号楼生物,1830,9,,上海固特,changed
张江复旦2号楼生物,1855,9,,上海固特,changed
张江复旦2号楼生物,1880,9,,上海固特,changed
张江复旦2号楼生物,1905,9,,上海固特,changed
张江复旦2号楼生物,1930,9,,上海固特,changed
张江复旦2号楼生物,1955,9,,上海固特,changed
张江复旦2号楼生物,1980,9,,上海固特,changed
张江复旦2号楼生物,2005,9,,上海固特,changed
张江复旦2号楼生物,2029,9,,上海固特,changed
张江复旦2号楼生物,2053,9,,上海固特,changed
张江复旦2号楼生物,2079,9,,上海固特,changed
张江复旦2号楼生物,2102,9,,上海固特,changed
张江复旦2号楼生物,2127,9,,上海固特,changed
张江复旦2号楼生物,2151,9,,上海固特,changed
张江复旦2号楼生物,2176,9,,上海固特,changed
张江复旦2号楼生物,2201,9,,上海固特,changed
张江复旦2号楼生物,2226,9,,上海固特,changed
张江复旦2号楼生物,2251,9,,上海固特,changed
张江复旦2号楼生物,2276,9,,上海固特,changed
张江复旦2号楼生物,2301,9,,上海固特,changed
张江复旦2号楼生物,2327,9,,上海固特,changed
张江复旦2号楼生物,2351,9,,上海固特,changed
张江复旦2号楼生物,2376,9,,上海固特,changed
张江复旦2号楼生物,2401,9,,上海固特,changed
张江复旦2号楼生物,2426,9,,上海固特,changed
张江复旦2号楼生物,2452,9,,上海固特,changed
张江复旦2号楼生物,2477,9,,上海固特,changed
张江复旦2号楼生物,2502,9,,上海固特,changed
张江复旦2号楼生物,2527,9,,上海固特,changed
张江复旦2号楼生物,2552,9,,上海固特,changed
张江复旦2号楼生物,2577,9,,上海固特,changed
张江复旦2号楼生物,2602,9,,上海固特,changed
张江复旦2号楼生物,2626,9,,上海固特,changed
张江复旦2号楼生物,2652,9,,上海固特,changed
张江复旦2号楼生物,2678,9,,上海固特,changed
张江复旦2号楼生物,2703,9,,上海固特,changed
张江复旦2号楼生物,2728,9,,上海固特,changed
张江复旦2号楼生物,2753,9,,上海固特,changed
张江复旦2号楼生物,2778,9,,上海固特,changed
张江复旦2号楼生物,2803,9,,上海固特,changed
张江复旦2号楼生物,2828,9,,上海固特,changed
张江复旦2号楼生物,2853,9,,上海固特,changed
张江复旦2号楼生物,2878,9,,上海固特,changed
张江复旦2号楼生物,2903,9,,上海固特,changed
张江复旦2号楼生物,2926,9,,上海固特,changed
张江复旦2号楼生物,2950,9,,上海固特,changed
张江复旦2号楼生物,2974,9,,上海固特,changed
张江复旦2号楼生物,2998,9,,上海固特,changed
张江复旦2号楼生物,3022,9,,上海固特,changed
张江复旦2号楼生物,3048,9,,上海固特,changed
张江复旦2号楼生物,3073,9,,上海固特,changed
张江复旦2号楼生物,3098,9,,上海固特,changed
张江复旦2号楼生物,3122,9,,上海固特,changed
张江复旦2号楼生物,3148,9,,上海固特,changed
张江复旦2号楼生物,3177,9,,上海固特,changed
张江复旦2号楼生物,3203,9,,上海固特,changed
张江复旦2号楼生物,3228,9,,上海固特,changed
张江复旦2号楼生物,3271,9,,上海固特,changed
张江复旦2号楼生物,3283,9,,上海固特,changed
张江复旦2号楼生物,3295,9,,上海固特,changed
张江复旦2号楼生物,3307,9,,上海固特,changed
张江复旦2号楼生物,3319,9,,上海固特,changed
张江复旦2号楼生物,3343,9,,上海固特,changed
张江复旦2号楼生物,3368,9,,上海固特,changed
张江复旦2号楼生物,3381,9,,上海固特,changed
张江复旦2号楼生物,3395,9,,上海固特,changed
张江复旦2号楼生物,3408,9,,上海固特,changed
张江复旦2号楼生物,3420,9,,上海固特,changed
张江复旦2号楼生物,3434,9,,上海固特,changed
张江复旦2号楼生物,3461,9,,上海固特,changed
张江复旦2号楼生物,3491,9,,上海固特,changed
张江复旦2号楼生物,3522,9,,上海固特,changed
张江复旦2号楼生物,3551,9,,上海固特,changed
张江复旦2号楼生物,3577,9,,上海固特,changed
张江复旦2号楼生物,3606,9,,上海固特,changed
张江复旦2号楼生物,3632,9,,上海固特,changed
张江复旦2号楼生物,3660,9,,上海固特,changed
张江复旦2号楼生物,3687,9,,上海固特,changed
张江复旦2号楼生物,3711,9,,上海固特,changed
张江复旦2号楼生物,3736,9,,上海固特,changed
张江复旦2号楼生物,3761,9,,上海固特,changed
张江复旦2号楼生物,3790,9,,上海固特,changed
张江复旦2号楼生物,3815,9,,上海固特,changed
张江复旦2号楼生物,3840,9,,上海固特,changed
张江复旦2号楼生物,3863,9,,上海固特,changed
张江复旦2号楼生物,3888,9,,上海固特,changed
张江复旦2号楼生物,3911,9,,上海固特,changed
张江复旦2号楼生物,3936,9,,上海固特,changed
张江复旦2号楼生物,3961,9,,上海固特,changed
张江复旦2号楼生物,3985,9,,上海固特,changed
张江复旦2号楼生物,4010,9,,上海固特,changed
张江复旦2号楼生物,4036,9,,上海固特,changed
张江复旦2号楼生物,4061,9,,上海固特,changed
张江复旦2号楼生物,4087,9,,上海固特,changed
张江复旦2号楼生物,4114,9,,上海固特,changed
张江复旦2号楼生物,4139,9,,上海固特,changed
张江复旦2号楼生物,4152,9,,上海固特,changed
张江复旦2号楼生物,4182,9,,上海固特,changed
张江复旦2号楼生物,4214,9,,上海固特,changed
张江复旦2号楼生物,4244,9,,上海固特,changed
张江复旦2号楼生物,4283,9,,上海固特,changed
张江复旦2号楼生物,4313,9,,上海固特,changed
张江复旦2号楼生物,4348,9,,上海固特,changed
张江复旦2号楼生物,4386,9,,上海固特,changed
张江复旦2号楼生物,4410,9,,上海固特,changed
张江复旦2号楼生物,4440,9,,上海固特,changed
张江复旦2号楼生物,4486,9,含第2次增加,上海固特,changed
张江复旦2号楼生物,4527,9,,上海固特,changed
张江复旦2号楼生物,4557,9,,上海固特,changed
张江复旦2号楼生物,4581,9,,上海固特,changed
张江复旦2号楼生物,4618,9,,上海固特,changed
张江复旦2号楼生物,4648,9,,上海固特,changed
张江复旦2号楼生物,4685,9,,上海固特,changed
张江复旦2号楼生物,4721,9,,上海固特,changed
张江复旦2号楼生物,4758,9,,上海固特,changed
张江复旦2号楼生物,4791,9,,上海固特,changed
张江复旦2号楼生物,4820,9,,上海固特,changed
张江复旦2号楼生物,4857,9,,上海固特,changed
张江复旦2号楼生物,4889,9,,上海固特,changed
张江复旦2号楼生物,4931,9,,上海固特,changed
张江复旦2号楼生物,4954,9,,上海固特,changed
张江复旦2号楼生物,4980,9,,上海固特,changed
张江复旦2号楼生物,5009,9,,上海固特,changed
张江复旦2号楼生物,5046,9,,上海固特,changed
张江复旦2号楼生物,5075,9,,上海固特,changed
张江复旦2号楼生物,5113,9,,上海固特,changed
张江复旦2号楼生物,5148,9,,上海固特,changed
张江复旦2号楼生物,5183,9,,上海固特,changed
张江复旦2号楼生物,5220,9,,上海固特,changed
张江复旦2号楼生物,5257,9,,上海固特,changed
张江复旦2号楼生物,5295,9,,上海固特,changed
张江复旦2号楼生物,5330,9,,上海固特,changed
张江复旦2号楼生物,5367,9,,上海固特,changed
张江复旦2号楼生物,5405,9,,上海固特,changed
张江复旦2号楼生物,5442,9,,上海固特,changed
张江复旦2号楼生物,5479,9,,上海固特,changed
张江复旦2号楼生物,5514,9,,上海固特,changed
张江复旦2号楼生物,5549,9,,上海固特,changed
张江复旦2号楼生物,5586,9,,上海固特,changed
张江复旦2号楼生物,5624,9,,上海固特,changed
张江复旦2号楼生物,5661,9,,上海固特,changed
张江复旦2号楼生物,5698,9,,上海固特,changed
张江复旦2号楼生物,5733,9,,上海固特,changed
张江复旦2号楼生物,5769,9,,上海固特,changed
张江复旦2号楼生物,5804,9,,上海固特,changed
张江复旦2号楼生物,5839,9,,上海固特,changed
张江复旦2号楼生物,5876,9,,上海固特,changed
张江复旦2号楼生物,5913,9,,上海固特,changed
张江复旦2号楼生物,5949,9,,上海固特,changed
张江复旦2号楼生物,5984,9,,上海固特,changed
张江复旦2号楼生物,6018,9,,上海固特,changed
张江复旦2号楼生物,6054,9,,上海固特,changed
张江复旦2号楼生物,6089,9,,上海固特,changed
张江复旦2号楼生物,6125,9,,上海固特,changed
张江复旦2号楼生物,6160,9,,上海固特,changed
张江复旦2号楼生物,6197,9,,上海固特,changed
张江复旦2号楼生物,6232,9,,上海固特,changed
张江复旦2号楼生物,6269,9,,上海固特,changed
张江复旦2号楼生物,6305,9,,上海固特,changed
张江复旦2号楼生物,6337,9,,上海固特,changed
张江复旦2号楼生物,6373,9,,上海固特,changed
张江复旦2号楼生物,6420,9,,上海固特,changed
张江复旦2号楼生物,6456,9,,上海固特,changed
张江复旦2号楼生物,6503,9,,上海固特,changed
张江复旦2号楼生物,6534,9,,上海固特,changed
张江复旦2号楼生物,6567,9,,上海固特,changed
张江复旦2号楼生物,6600,9,,上海固特,changed
张江复旦2号楼生物,6631,9,,上海固特,changed
张江复旦2号楼生物,6669,9,,上海固特,changed
张江复旦2号楼生物,6696,9,,上海固特,changed
张江复旦2号楼生物,6731,9,,上海固特,changed
张江复旦2号楼生物,6770,9,,上海固特,changed
张江复旦2号楼生物,6804,9,,上海固特,changed
张江复旦2号楼生物,6837,9,,上海固特,changed
张江复旦2号楼生物,6866,9,,上海固特,changed
张江复旦2号楼生物,6921,9,,上海固特,changed
张江复旦2号楼生物,6953,9,,上海固特,changed
张江复旦2号楼生物,6981,9,,上海固特,changed
张江复旦2号楼生物,7021,9,,上海固特,changed
张江复旦2号楼生物,7059,9,,上海固特,changed
张江复旦2号楼生物,7093,9,,上海固特,changed
张江复旦2号楼生物,7124,9,,上海固特,changed
张江复旦2号楼生物,7155,9,,上海固特,changed
张江复旦2号楼生物,7178,9,,上海固特,changed
张江复旦2号楼生物,7190,9,,上海固特,changed
张江复旦2号楼生物,7202,9,,上海固特,changed
张江复旦2号楼生物,7214,9,,上海固特,changed
张江复旦2号楼生物,7226,9,,上海固特,changed
张江复旦2号楼生物,7238,9,,上海固特,changed
张江复旦2号楼生物,7259,9,,上海固特,changed
张江复旦2号楼生物,7297,9,,上海固特,changed
张江复旦2号楼生物,7311,9,,上海固特,changed
张江复旦2号楼生物,7324,9,,上海固特,changed
张江复旦2号楼生物,7344,9,,上海固特,changed
张江复旦2号楼生物,7356,9,,上海固特,changed
张江复旦2号楼生物,7369,9,,上海固特,changed
张江复旦2号楼生物,7399,9,,上海固特,changed
张江复旦2号楼生物,7431,9,,上海固特,changed
张江复旦2号楼生物,7460,9,,上海固特,changed
张江复旦2号楼生物,7475,9,,上海固特,changed
张江复旦2号楼生物,7499,9,,上海固特,changed
张江复旦2号楼生物,7511,9,,上海固特,changed
张江复旦3号楼科研,9,9,,上海固特,changed
张江复旦3号楼科研,33,9,,上海固特,changed
张江复旦3号楼科研,55,9,,上海固特,changed
张江复旦3号楼科研,79,9,,上海固特,changed
张江复旦3号楼科研,95,9,利用原有箱体,上海固特,changed
张江复旦3号楼科研,109,9,利用原有箱体,上海固特,changed
张江复旦3号楼科研,125,9,利用原有箱体,上海固特,changed
张江复旦3号楼科研,141,9,利用原有箱体,上海固特,changed
张江复旦3号楼科研,157,9,利用原有箱体,上海固特,changed
张江复旦3号楼科研,173,9,利用原有箱体,上海固特,changed
张江复旦3号楼科研,189,9,利用原有箱体,上海固特,changed
张江复旦3号楼科研,203,9,利用原有箱体,上海固特,changed
张江复旦3号楼科研,219,9,利用原有箱体,上海固特,changed
张江复旦3号楼科研,249,9,,上海固特,changed
张江复旦3号楼科研,280,9,,上海固特,changed
张江复旦3号楼科研,309,9,,上海固特,changed
张江复旦3号楼科研,332,9,,上海固特,changed
张江复旦3号楼科研,356,9,,上海固特,changed
张江复旦3号楼科研,380,9,,上海固特,changed
张江复旦3号楼科研,407,9,,上海固特,changed
张江复旦3号楼科研,429,9,,上海固特,changed
张江复旦3号楼科研,451,9,,上海固特,changed
张江复旦3号楼科研,476,9,,上海固特,changed
张江复旦3号楼科研,498,9,,上海固特,changed
张江复旦3号楼科研,522,9,,上海固特,changed
张江复旦3号楼科研,547,9,,上海固特,changed
张江复旦3号楼科研,572,9,,上海固特,changed
张江复旦3号楼科研,597,9,,上海固特,changed
张江复旦3号楼科研,621,9,,上海固特,changed
张江复旦3号楼科研,646,9,,上海固特,changed
张江复旦3号楼科研,670,9,,上海固特,changed
张江复旦3号楼科研,694,9,,上海固特,changed
张江复旦3号楼科研,716,9,,上海固特,changed
张江复旦3号楼科研,738,9,,上海固特,changed
张江复旦3号楼科研,762,9,,上海固特,changed
张江复旦3号楼科研,797,9,,上海固特,changed
张江复旦3号楼科研,829,9,,上海固特,changed
张江复旦3号楼科研,853,9,室外防雨,上海固特,changed
张江复旦3号楼科研,853,10,2025.1.6；无预付款，货到现场验收合格2月内付至到货款50%，竣工验收合格后付至到货款80%，结算完成并移交档案付至97%，3%质保2年,室外防雨；2025.1.6；无预付款，货到现场验收合格2月内付至到货款50%，竣工验收合格后付至到货款80%，结算完成并移交档案付至97%，3%质保2年,changed
龙旗科技,10,8,,大航有能,changed
龙旗科技,42,8,,大航有能,changed
龙旗科技,71,8,,大航有能,changed
龙旗科技,92,8,,大航有能,changed
龙旗科技,112,8,,大航有能,changed
龙旗科技,132,8,,大航有能,changed
龙旗科技,152,8,,大航有能,changed
龙旗科技,172,8,,大航有能,changed
龙旗科技,192,8,,大航有能,changed
龙旗科技,212,8,,大航有能,changed
龙旗科技,232,8,,大航有能,changed
龙旗科技,252,8,,大航有能,changed
龙旗科技,272,8,,大航有能,changed
龙旗科技,292,8,,大航有能,changed
龙旗科技,312,8,,大航有能,changed
龙旗科技,330,8,,大航有能,changed
龙旗科技,345,8,,大航有能,changed
龙旗科技,370,8,,大航有能,changed
龙旗科技,406,8,,大航有能,changed
龙旗科技,428,8,,大航有能,changed
龙旗科技,442,8,,大航有能,changed
龙旗科技,463,8,,大航有能,changed
龙旗科技,482,8,,大航有能,changed
龙旗科技,502,8,,大航有能,changed
龙旗科技,521,8,,大航有能,changed
龙旗科技,540,8,,大航有能,changed
龙旗科技,556,8,,大航有能,changed
龙旗科技,572,8,,大航有能,changed
龙旗科技,589,8,,大航有能,changed
龙旗科技,608,8,,大航有能,changed
龙旗科技,629,8,,大航有能,changed
龙旗科技,651,8,,大航有能,changed
龙旗科技,668,8,,大航有能,changed
龙旗科技,685,8,,大航有能,changed
龙旗科技,702,8,,大航有能,changed
龙旗科技,719,8,,大航有能,changed
龙旗科技,736,8,,大航有能,changed
龙旗科技,753,8,,大航有能,changed
龙旗科技,770,8,,大航有能,changed
龙旗科技,787,8,,大航有能,changed
龙旗科技,804,8,,大航有能,changed
龙旗科技,821,8,,大航有能,changed
龙旗科技,838,8,,大航有能,changed
龙旗科技,855,8,,大航有能,changed
龙旗科技,872,8,,大航有能,changed
龙旗科技,889,8,,大航有能,changed
龙旗科技,906,8,,大航有能,changed
龙旗科技,927,8,,大航有能,changed
龙旗科技,948,8,,大航有能,changed
龙旗科技,968,8,,大航有能,changed
龙旗科技,990,8,,大航有能,changed
龙旗科技,1012,8,,大航有能,changed
龙旗科技,1034,8,,大航有能,changed
龙旗科技,1056,8,,大航有能,changed
龙旗科技,1078,8,,大航有能,changed
龙旗科技,1100,8,,大航有能,changed
龙旗科技,1122,8,,大航有能,changed
龙旗科技,1144,8,,大航有能,changed
龙旗科技,1166,8,,大航有能,changed
龙旗科技,1188,8,,大航有能,changed
龙旗科技,1210,8,,大航有能,changed
龙旗科技,1232,8,,大航有能,changed
龙旗科技,1250,8,,大航有能,changed
龙旗科技,1262,8,,大航有能,changed
龙旗科技,1274,8,,大航有能,changed
龙旗科技,1286,8,,大航有能,changed
龙旗科技,1298,8,,大航有能,changed
龙旗科技,1310,8,,大航有能,changed
龙旗科技,1322,8,,大航有能,changed
龙旗科技,1336,8,,大航有能,changed
龙旗科技,1350,8,,大航有能,changed
龙旗科技,1365,8,,大航有能,changed
龙旗科技,1379,8,,大航有能,changed
龙旗科技,1393,8,,大航有能,changed
龙旗科技,1408,8,,大航有能,changed
龙旗科技,1423,8,,大航有能,changed
龙旗科技,1438,8,,大航有能,changed
龙旗科技,1453,8,,大航有能,changed
龙旗科技,1468,8,,大航有能,changed
龙旗科技,1483,8,,大航有能,changed
龙旗科技,1498,8,,大航有能,changed
龙旗科技,1513,8,,大航有能,changed
龙旗科技,1528,8,,大航有能,changed
龙旗科技,1546,8,,大航有能,changed
龙旗科技,1562,8,,大航有能,changed
龙旗科技,1580,8,,大航有能,changed
龙旗科技,1599,8,,大航有能,changed
龙旗科技,1615,8,,大航有能,changed
龙旗科技,1634,8,,大航有能,changed
龙旗科技,1651,8,,大航有能,changed
龙旗科技,1670,8,,大航有能,changed
龙旗科技,1689,8,,大航有能,changed
龙旗科技,1707,8,,大航有能,changed
龙旗科技,1725,8,,大航有能,changed
龙旗科技,1743,8,,大航有能,changed
龙旗科技,1761,8,,大航有能,changed
龙旗科技,1780,8,,大航有能,changed
龙旗科技,1799,8,,大航有能,changed
龙旗科技,1818,8,,大航有能,changed
龙旗科技,1837,8,,大航有能,changed
龙旗科技,1855,8,,大航有能,changed
龙旗科技,1873,8,,大航有能,changed
龙旗科技,1901,8,,大航有能,changed
龙旗科技,1921,8,,大航有能,changed
龙旗科技,1941,8,,大航有能,changed
龙旗科技,1963,8,,大航有能,changed
龙旗科技,1980,8,,大航有能,changed
龙旗科技,1999,8,,大航有能,changed
龙旗科技,2021,8,,大航有能,changed
龙旗科技,2040,8,,大航有能,changed
龙旗科技,2059,8,,大航有能,changed
龙旗科技,2079,8,,大航有能,changed
龙旗科技,2096,8,,大航有能,changed
龙旗科技,2113,8,,大航有能,changed
龙旗科技,2130,8,,大航有能,changed
龙旗科技,2150,8,,大航有能,changed
龙旗科技,2170,8,,大航有能,changed
龙旗科技,2197,8,,大航有能,changed
龙旗科技,2220,8,,大航有能,changed
龙旗科技,2243,8,,大航有能,changed
龙旗科技,2262,8,,大航有能,changed
龙旗科技,2281,8,,大航有能,changed
龙旗科技,2303,8,,大航有能,changed
龙旗科技,2323,8,,大航有能,changed
龙旗科技,2350,8,,大航有能,changed
龙旗科技,2372,8,,大航有能,changed
龙旗科技,2397,8,,大航有能,changed
龙旗科技,2417,8,,大航有能,changed
龙旗科技,2440,8,,大航有能,changed
龙旗科技,2459,8,,大航有能,changed
龙旗科技,2478,8,,大航有能,changed
龙旗科技,2497,8,,大航有能,changed
龙旗科技,2516,8,,大航有能,changed
龙旗科技,2535,8,,大航有能,changed
龙旗科技,2555,8,,大航有能,changed
龙旗科技,2577,8,,大航有能,changed
龙旗科技,2599,8,,大航有能,changed
龙旗科技,2619,8,,大航有能,changed
龙旗科技,2642,8,,大航有能,changed
龙旗科技,2664,8,,大航有能,changed
龙旗科技,2686,8,,大航有能,changed
龙旗科技,2708,8,,大航有能,changed
龙旗科技,2728,8,,大航有能,changed
龙旗科技,2748,8,,大航有能,changed
龙旗科技,2768,8,,大航有能,changed
龙旗科技,2790,8,,大航有能,changed
龙旗科技,2810,8,,大航有能,changed
龙旗科技,2826,8,,大航有能,changed
龙旗科技,2842,8,,大航有能,changed
龙旗科技,2858,8,,大航有能,changed
龙旗科技,2874,8,,大航有能,changed
龙旗科技,2890,8,,大航有能,changed
龙旗科技,2906,8,,大航有能,changed
龙旗科技,2926,8,,大航有能,changed
龙旗科技,2942,8,,大航有能,changed
龙旗科技,2958,8,,大航有能,changed
龙旗科技,2974,8,,大航有能,changed
龙旗科技,2990,8,,大航有能,changed
龙旗科技,3006,8,,大航有能,changed
龙旗科技,3022,8,,大航有能,changed
龙旗科技,3038,8,,大航有能,changed
龙旗科技,3053,8,,大航有能,changed
龙旗科技,3069,8,,大航有能,changed
龙旗科技,3085,8,,大航有能,changed
龙旗科技,3101,8,,大航有能,changed
龙旗科技,3117,8,,大航有能,changed
龙旗科技,3143,8,,大航有能,changed
龙旗科技,3167,8,,大航有能,changed
龙旗科技,3183,8,,大航有能,changed
龙旗科技,3201,8,,大航有能,changed
龙旗科技,3217,8,,大航有能,changed
龙旗科技,3233,8,,大航有能,changed
龙旗科技,3250,8,,大航有能,changed
龙旗科技,3275,8,,大航有能,changed
龙旗科技,3293,8,,大航有能,changed
龙旗科技,3311,8,,大航有能,changed
龙旗科技,3345,8,,大航有能,changed
龙旗科技,3363,8,,大航有能,changed
龙旗科技,3389,8,,大航有能,changed
龙旗科技,3410,8,,大航有能,changed
龙旗科技,3428,8,,大航有能,changed
龙旗科技,3454,8,,大航有能,changed
龙旗科技,3483,8,,大航有能,changed
龙旗科技,3514,8,,大航有能,changed
龙旗科技,3538,8,,大航有能,changed
龙旗科技,3557,8,,大航有能,changed
龙旗科技,3584,8,,大航有能,changed
龙旗科技,3611,8,,大航有能,changed
龙旗科技,3627,8,,大航有能,changed
龙旗科技,3640,8,,大航有能,changed
龙旗科技,3653,8,,大航有能,changed
龙旗科技,3671,8,,大航有能,changed
龙旗科技,3687,8,,大航有能,changed
龙旗科技,3707,8,,大航有能,changed
龙旗科技,3723,8,,大航有能,changed
龙旗科技,3761,8,,大航有能,changed
龙旗科技,3779,8,,大航有能,changed
龙旗科技,3804,8,,大航有能,changed
龙旗科技,3819,8,,大航有能,changed
龙旗科技,3834,8,,大航有能,changed
龙旗科技,3852,8,,大航有能,changed
龙旗科技,3870,8,,大航有能,changed
龙旗科技,3888,8,,大航有能,changed
龙旗科技,3906,8,,大航有能,changed
龙旗科技,3924,8,,大航有能,changed
龙旗科技,3942,8,,大航有能,changed
龙旗科技,3962,8,,大航有能,changed
龙旗科技,3977,8,,大航有能,changed
龙旗科技,3994,8,,大航有能,changed
龙旗科技,4010,8,,大航有能,changed
龙旗科技,4026,8,,大航有能,changed
龙旗科技,4041,8,,大航有能,changed
龙旗科技,4057,8,,大航有能,changed
龙旗科技,4075,8,,大航有能,changed
龙旗科技,4093,8,,大航有能,changed
龙旗科技,4113,8,,大航有能,changed
龙旗科技,4133,8,,大航有能,changed
龙旗科技,4149,8,,大航有能,changed
龙旗科技,4165,8,,大航有能,changed
龙旗科技,4181,8,,大航有能,changed
龙旗科技,4197,8,,大航有能,changed
龙旗科技,4213,8,,大航有能,changed
龙旗科技,4229,8,,大航有能,changed
龙旗科技,4243,8,,大航有能,changed
龙旗科技,4257,8,,大航有能,changed
龙旗科技,4271,8,,大航有能,changed
龙旗科技,4285,8,,大航有能,changed
龙旗科技,4299,8,,大航有能,changed
龙旗科技,4313,8,,大航有能,changed
龙旗科技,4327,8,,大航有能,changed
龙旗科技,4341,8,,大航有能,changed
龙旗科技,4355,8,,大航有能,changed
龙旗科技,4369,8,,大航有能,changed
龙旗科技,4383,8,,大航有能,changed
龙旗科技,4397,8,,大航有能,changed
龙旗科技,4413,8,,大航有能,changed
龙旗科技,4429,8,,大航有能,changed
龙旗科技,4445,8,,大航有能,changed
龙旗科技,4461,8,,大航有能,changed
龙旗科技,4477,8,,大航有能,changed
龙旗科技,4493,8,,大航有能,changed
龙旗科技,4509,8,,大航有能,changed
龙旗科技,4525,8,,大航有能,changed
龙旗科技,4541,8,,大航有能,changed
龙旗科技,4557,8,,大航有能,changed
龙旗科技,4573,8,,大航有能,changed
龙旗科技,4589,8,,大航有能,changed
龙旗科技,4606,8,,大航有能,changed
龙旗科技,4622,8,,大航有能,changed
龙旗科技,4637,8,,大航有能,changed
龙旗科技,4651,8,,大航有能,changed
龙旗科技,4668,8,,大航有能,changed
龙旗科技,4685,8,,大航有能,changed
龙旗科技,4700,8,,大航有能,changed
龙旗科技,4717,8,,大航有能,changed
龙旗科技,4734,8,,大航有能,changed
龙旗科技,4748,8,,大航有能,changed
龙旗科技,4764,8,,大航有能,changed
龙旗科技,4780,8,,大航有能,changed
龙旗科技,4796,8,,大航有能,changed
龙旗科技,4812,8,,大航有能,changed
龙旗科技,4828,8,,大航有能,changed
龙旗科技,4844,8,,大航有能,changed
龙旗科技,4860,8,,大航有能,changed
龙旗科技,4876,8,,大航有能,changed
龙旗科技,4890,8,,大航有能,changed
龙旗科技,4904,8,,大航有能,changed
龙旗科技,4920,8,,大航有能,changed
龙旗科技,4935,8,,大航有能,changed
龙旗科技,4950,8,,大航有能,changed
龙旗科技,4968,8,,大航有能,changed
龙旗科技,4984,8,,大航有能,changed
龙旗科技,5000,8,,大航有能,changed
龙旗科技,5016,8,,大航有能,changed
龙旗科技,5032,8,,大航有能,changed
龙旗科技,5048,8,,大航有能,changed
龙旗科技,5065,8,,大航有能,changed
龙旗科技,5081,8,,大航有能,changed
龙旗科技,5097,8,,大航有能,changed
龙旗科技,5113,8,,大航有能,changed
龙旗科技,5129,8,,大航有能,changed
龙旗科技,5145,8,,大航有能,changed
龙旗科技,5161,8,,大航有能,changed
龙旗科技,5179,8,,大航有能,changed
龙旗科技,5197,8,,大航有能,changed
龙旗科技,5213,8,,大航有能,changed
龙旗科技,5229,8,,大航有能,changed
龙旗科技,5245,8,,大航有能,changed
龙旗科技,5261,8,,大航有能,changed
龙旗科技,5279,8,,大航有能,changed
龙旗科技,5297,8,,大航有能,changed
龙旗科技,5315,8,,大航有能,changed
龙旗科技,5331,8,,大航有能,changed
龙旗科技,5348,8,,大航有能,changed
龙旗科技,5364,8,,大航有能,changed
龙旗科技,5385,8,,大航有能,changed
龙旗科技,5406,8,,大航有能,changed
龙旗科技,5422,8,,大航有能,changed
龙旗科技,5438,8,,大航有能,changed
龙旗科技,5457,8,,大航有能,changed
龙旗科技,5476,8,,大航有能,changed
龙旗科技,5494,8,,大航有能,changed
龙旗科技,5515,8,,大航有能,changed
龙旗科技,5526,8,,大航有能,changed
龙旗科技,5539,8,,大航有能,changed
龙旗科技,5552,8,,大航有能,changed
龙旗科技,5565,8,,大航有能,changed
龙旗科技,5578,8,,大航有能,changed
龙旗科技,5591,8,,大航有能,changed
龙旗科技,5604,8,,大航有能,changed
龙旗科技,5619,8,,大航有能,changed
龙旗科技,5634,8,,大航有能,changed
龙旗科技,5652,8,,大航有能,changed
龙旗科技,5669,8,,大航有能,changed
龙旗科技,5683,8,,大航有能,changed
龙旗科技,5703,8,,大航有能,changed
龙旗科技,5720,8,,大航有能,changed
龙旗科技,5737,8,,大航有能,changed
龙旗科技,5753,8,,大航有能,changed
龙旗科技,5770,8,,大航有能,changed
龙旗科技,5786,8,,大航有能,changed
龙旗科技,5804,8,,大航有能,changed
龙旗科技,5821,8,,大航有能,changed
龙旗科技,5838,8,,大航有能,changed
龙旗科技,5855,8,,大航有能,changed
龙旗科技,5872,8,,大航有能,changed
龙旗科技,5889,8,,大航有能,changed
龙旗科技,5905,8,,大航有能,changed
龙旗科技,5923,8,,大航有能,changed
龙旗科技,5941,8,,大航有能,changed
龙旗科技,5959,8,,大航有能,changed
龙旗科技,5977,8,,大航有能,changed
龙旗科技,5995,8,,大航有能,changed
龙旗科技,6014,8,,大航有能,changed
龙旗科技,6030,8,,大航有能,changed
龙旗科技,6050,8,,大航有能,changed
龙旗科技,6067,8,,大航有能,changed
龙旗科技,6081,8,,大航有能,changed
龙旗科技,6112,8,,大航有能,changed
龙旗科技,6137,8,,大航有能,changed
龙旗科技,6167,8,,大航有能,changed
龙旗科技,6196,8,,大航有能,changed
龙旗科技,6226,8,,大航有能,changed
龙旗科技,6255,8,,大航有能,changed
龙旗科技,6283,8,,大航有能,changed
龙旗科技,6312,8,,大航有能,changed
龙旗科技,6341,8,,大航有能,changed
龙旗科技,6370,8,,大航有能,changed
龙旗科技,6399,8,,大航有能,changed
龙旗科技,6428,8,,大航有能,changed
龙旗科技,6457,8,,大航有能,changed
龙旗科技,6486,8,,大航有能,changed
龙旗科技,6515,8,,大航有能,changed
龙旗科技,6544,8,,大航有能,changed
龙旗科技,6573,8,,大航有能,changed
龙旗科技,6602,8,,大航有能,changed
龙旗科技,6631,8,,大航有能,changed
龙旗科技,6660,8,,大航有能,changed
龙旗科技,6689,8,,大航有能,changed
龙旗科技,6722,8,,大航有能,changed
龙旗科技,6742,8,,大航有能,changed
龙旗科技,6760,8,,大航有能,changed
龙旗科技,6785,8,,大航有能,changed
龙旗科技,6803,8,,大航有能,changed
龙旗科技,6821,8,,大航有能,changed
龙旗科技,6847,8,,大航有能,changed
龙旗科技,6866,8,,大航有能,changed
龙旗科技,6885,8,,大航有能,changed
龙旗科技,6904,8,,大航有能,changed
龙旗科技,6922,8,,大航有能,changed
龙旗科技,6940,8,,大航有能,changed
龙旗科技,6956,8,,大航有能,changed
龙旗科技,6986,8,,大航有能,changed
龙旗科技,7002,8,,大航有能,changed
龙旗科技,7018,8,,大航有能,changed
龙旗科技,7034,8,,大航有能,changed
龙旗科技,7050,8,,大航有能,changed
龙旗科技,7066,8,,大航有能,changed
龙旗科技,7082,8,,大航有能,changed
龙旗科技,7098,8,,大航有能,changed
龙旗科技,7114,8,,大航有能,changed
龙旗科技,7130,8,,大航有能,changed
龙旗科技,7146,8,,大航有能,changed
龙旗科技,7162,8,,大航有能,changed
龙旗科技,7178,8,,大航有能,changed
龙旗科技,7194,8,,大航有能,changed
龙旗科技,7210,8,,大航有能,changed
龙旗科技,7226,8,,大航有能,changed
龙旗科技,7242,8,,大航有能,changed
龙旗科技,7258,8,,大航有能,changed
龙旗科技,7274,8,,大航有能,changed
龙旗科技,7290,8,,大航有能,changed
龙旗科技,7306,8,,大航有能,changed
龙旗科技,7322,8,,大航有能,changed
龙旗科技,7338,8,,大航有能,changed
龙旗科技,7359,8,,大航有能,changed
龙旗科技,7380,8,,大航有能,changed
龙旗科技,7401,8,,大航有能,changed
龙旗科技,7421,8,,大航有能,changed
龙旗科技,7441,8,,大航有能,changed
龙旗科技,7462,8,,大航有能,changed
龙旗科技,7483,8,,大航有能,changed
龙旗科技,7505,8,,大航有能,changed
龙旗科技,7527,8,,大航有能,changed
龙旗科技,7548,8,,大航有能,changed
龙旗科技,7568,8,,大航有能,changed
龙旗科技,7589,8,,大航有能,changed
龙旗科技,7610,8,,大航有能,changed
龙旗科技,7631,8,,大航有能,changed
龙旗科技,7651,8,,大航有能,changed
龙旗科技,7671,8,,大航有能,changed
龙旗科技,7690,8,,大航有能,changed
龙旗科技,7711,8,,大航有能,changed
龙旗科技,7732,8,,大航有能,changed
龙旗科技,7753,8,,大航有能,changed
龙旗科技,7774,8,,大航有能,changed
龙旗科技,7785,8,,大航有能,changed
龙旗科技,7796,8,,大航有能,changed
龙旗科技,7807,8,,大航有能,changed
龙旗科技,7824,8,,大航有能,changed
龙旗科技,7844,8,,大航有能,changed
龙旗科技,7861,8,,大航有能,changed
龙旗科技,7878,8,,大航有能,changed
龙旗科技,7895,8,,大航有能,changed
龙旗科技,7912,8,,大航有能,changed
龙旗科技,7929,8,,大航有能,changed
龙旗科技,7942,8,,大航有能,changed
龙旗科技,7955,8,,大航有能,changed
龙旗科技,7967,8,,大航有能,changed
龙旗科技,7981,8,,大航有能,changed
龙旗科技,7995,8,,大航有能,changed
龙旗科技,8008,8,,大航有能,changed
龙旗科技,8019,8,,大航有能,changed
龙旗科技,8030,8,,大航有能,changed
龙旗科技,8043,8,,大航有能,changed
龙旗科技,8061,8,,大航有能,changed
龙旗科技,8077,8,,大航有能,changed
龙旗科技,8093,8,,大航有能,changed
龙旗科技,8109,8,,大航有能,changed
龙旗科技,8125,8,,大航有能,changed
龙旗科技,8141,8,,大航有能,changed
龙旗科技,8157,8,,大航有能,changed
龙旗科技,8173,8,,大航有能,changed
龙旗科技,8189,8,,大航有能,changed
龙旗科技,8205,8,,大航有能,changed
龙旗科技,8221,8,,大航有能,changed
龙旗科技,8236,8,,大航有能,changed
龙旗科技,8264,8,,大航有能,changed
龙旗科技,8295,8,,大航有能,changed
龙旗科技,8325,8,,大航有能,changed
龙旗科技,8355,8,,大航有能,changed
龙旗科技,8385,8,,大航有能,changed
龙旗科技,8415,8,,大航有能,changed
龙旗科技,8445,8,,大航有能,changed
龙旗科技,8475,8,,大航有能,changed
龙旗科技,8505,8,,大航有能,changed
龙旗科技,8535,8,,大航有能,changed
龙旗科技,8565,8,,大航有能,changed
龙旗科技,8595,8,,大航有能,changed
龙旗科技,8623,8,,大航有能,changed
龙旗科技,8647,8,,大航有能,changed
龙旗科技,8665,8,,大航有能,changed
龙旗科技,8689,8,,大航有能,changed
龙旗科技,8707,8,,大航有能,changed
龙旗科技,8726,8,,大航有能,changed
龙旗科技,8745,8,,大航有能,changed
龙旗科技,8763,8,,大航有能,changed
龙旗科技,8779,8,,大航有能,changed
龙旗科技,8794,8,,大航有能,changed
龙旗科技,8810,8,,大航有能,changed
龙旗科技,8831,8,,大航有能,changed
龙旗科技,8847,8,,大航有能,changed
龙旗科技,8863,8,,大航有能,changed
龙旗科技,8879,8,,大航有能,changed
龙旗科技,8895,8,,大航有能,changed
龙旗科技,8911,8,,大航有能,changed
龙旗科技,8927,8,,大航有能,changed
龙旗科技,8943,8,,大航有能,changed
龙旗科技,8959,8,,大航有能,changed
龙旗科技,8975,8,,大航有能,changed
龙旗科技,8991,8,,大航有能,changed
龙旗科技,9007,8,,大航有能,changed
龙旗科技,9023,8,,大航有能,changed
龙旗科技,9044,8,,大航有能,changed
龙旗科技,9064,8,,大航有能,changed
龙旗科技,9084,8,,大航有能,changed
龙旗科技,9104,8,,大航有能,changed
龙旗科技,9124,8,,大航有能,changed
龙旗科技,9144,8,,大航有能,changed
龙旗科技,9164,8,,大航有能,changed
龙旗科技,9184,8,,大航有能,changed
龙旗科技,9204,8,,大航有能,changed
龙旗科技,9224,8,,大航有能,changed
龙旗科技,9244,8,,大航有能,changed
龙旗科技,9264,8,,大航有能,changed
龙旗科技,9281,8,,大航有能,changed
龙旗科技,9292,8,,大航有能,changed
龙旗科技,9303,8,,大航有能,changed
龙旗科技,9314,8,,大航有能,changed
龙旗科技,9325,8,,大航有能,changed
龙旗科技,9345,8,,大航有能,changed
龙旗科技,9358,8,,大航有能,changed
龙旗科技,9371,8,,大航有能,changed
龙旗科技,9389,8,,大航有能,changed
龙旗科技,9402,8,,大航有能,changed
龙旗科技,9413,8,,大航有能,changed
龙旗科技,9424,8,,大航有能,changed
龙旗科技,9437,8,,大航有能,changed
龙旗科技,9450,8,,大航有能,changed
龙旗科技,9462,8,,大航有能,changed
龙旗科技,9477,8,,大航有能,changed
龙旗科技,9495,8,,大航有能,changed
龙旗科技,9515,8,,大航有能,changed
龙旗科技,9530,8,,大航有能,changed
龙旗科技,9546,8,,大航有能,changed
龙旗科技,9558,8,,大航有能,changed
龙旗科技,9570,8,,大航有能,changed
龙旗科技,9582,8,,大航有能,changed
龙旗科技,9598,8,,大航有能,changed
龙旗科技,9613,8,,大航有能,changed
龙旗科技,9628,8,,大航有能,changed
龙旗科技,9644,8,,大航有能,changed
龙旗科技,9659,8,,大航有能,changed
龙旗科技,9674,8,,大航有能,changed
龙旗科技,9690,8,,大航有能,changed
龙旗科技,9706,8,,大航有能,changed
龙旗科技,9721,8,,大航有能,changed
龙旗科技,9738,8,,大航有能,changed
龙旗科技,9754,8,,大航有能,changed
龙旗科技,9771,8,,大航有能,changed
龙旗科技,9788,8,,大航有能,changed
龙旗科技,9805,8,,大航有能,changed
龙旗科技,9822,8,,大航有能,changed
龙旗科技,9837,8,,大航有能,changed
龙旗科技,9852,8,,大航有能,changed
龙旗科技,9867,8,,大航有能,changed
龙旗科技,9882,8,,大航有能,changed
龙旗科技,9898,8,,大航有能,changed
龙旗科技,9914,8,,大航有能,changed
龙旗科技,9930,8,,大航有能,changed
龙旗科技,9946,8,,大航有能,changed
龙旗科技,9962,8,,大航有能,changed
龙旗科技,9978,8,,大航有能,changed
龙旗科技,9994,8,,大航有能,changed
龙旗科技,10010,8,,大航有能,changed
龙旗科技,10026,8,,大航有能,changed
龙旗科技,10044,8,,大航有能,changed
龙旗科技,10062,8,,大航有能,changed
龙旗科技,10080,8,,大航有能,changed
龙旗科技,10097,8,,大航有能,changed
龙旗科技,10115,8,,大航有能,changed
龙旗科技,10133,8,,大航有能,changed
龙旗科技,10148,8,,大航有能,changed
龙旗科技,10163,8,,大航有能,changed
龙旗科技,10181,8,,大航有能,changed
龙旗科技,10199,8,,大航有能,changed
龙旗科技,10217,8,,大航有能,changed
龙旗科技,10234,8,,大航有能,changed
龙旗科技,10252,8,,大航有能,changed
龙旗科技,10270,8,,大航有能,changed
龙旗科技,10285,8,,大航有能,changed
龙旗科技,10303,8,,大航有能,changed
龙旗科技,10321,8,,大航有能,changed
龙旗科技,10339,8,,大航有能,changed
龙旗科技,10356,8,,大航有能,changed
龙旗科技,10374,8,,大航有能,changed
龙旗科技,10392,8,,大航有能,changed
龙旗科技,10407,8,,大航有能,changed
龙旗科技,10425,8,,大航有能,changed
龙旗科技,10443,8,,大航有能,changed
龙旗科技,10461,8,,大航有能,changed
龙旗科技,10478,8,,大航有能,changed
龙旗科技,10496,8,,大航有能,changed
龙旗科技,10514,8,,大航有能,changed
龙旗科技,10529,8,,大航有能,changed
龙旗科技,10547,8,,大航有能,changed
龙旗科技,10565,8,,大航有能,changed
龙旗科技,10583,8,,大航有能,changed
龙旗科技,10600,8,,大航有能,changed
龙旗科技,10618,8,,大航有能,changed
龙旗科技,10636,8,,大航有能,changed
龙旗科技,10651,8,,大航有能,changed
龙旗科技,10667,8,,大航有能,changed
龙旗科技,10683,8,,大航有能,changed
龙旗科技,10699,8,,大航有能,changed
龙旗科技,10715,8,,大航有能,changed
龙旗科技,10732,8,,大航有能,changed
龙旗科技,10747,8,,大航有能,changed
龙旗科技,10762,8,,大航有能,changed
龙旗科技,10778,8,,大航有能,changed
龙旗科技,10794,8,,大航有能,changed
龙旗科技,10810,8,,大航有能,changed
龙旗科技,10826,8,,大航有能,changed
龙旗科技,10843,8,,大航有能,changed
龙旗科技,10858,8,,大航有能,changed
龙旗科技,10874,8,,大航有能,changed
龙旗科技,10890,8,,大航有能,changed
龙旗科技,10906,8,,大航有能,changed
龙旗科技,10922,8,,大航有能,changed
龙旗科技,10939,8,,大航有能,changed
龙旗科技,10954,8,,大航有能,changed
龙旗科技,10970,8,,大航有能,changed
龙旗科技,10986,8,,大航有能,changed
龙旗科技,11002,8,,大航有能,changed
龙旗科技,11018,8,,大航有能,changed
龙旗科技,11035,8,,大航有能,changed
龙旗科技,11050,8,,大航有能,changed
龙旗科技,11064,8,,大航有能,changed
龙旗科技,11081,8,,大航有能,changed
龙旗科技,11097,8,,大航有能,changed
龙旗科技,11113,8,,大航有能,changed
龙旗科技,11129,8,,大航有能,changed
龙旗科技,11146,8,,大航有能,changed
龙旗科技,11162,8,,大航有能,changed
龙旗科技,11179,8,,大航有能,changed
龙旗科技,11195,8,,大航有能,changed
龙旗科技,11211,8,,大航有能,changed
龙旗科技,11227,8,,大航有能,changed
龙旗科技,11244,8,,大航有能,changed
龙旗科技,11260,8,,大航有能,changed
龙旗科技,11276,8,,大航有能,changed
龙旗科技,11292,8,,大航有能,changed
龙旗科技,11308,8,,大航有能,changed
龙旗科技,11324,8,,大航有能,changed
龙旗科技,11340,8,,大航有能,changed
龙旗科技,11357,8,,大航有能,changed
龙旗科技,11373,8,,大航有能,changed
龙旗科技,11389,8,,大航有能,changed
龙旗科技,11406,8,,大航有能,changed
龙旗科技,11422,8,,大航有能,changed
龙旗科技,11437,8,,大航有能,changed
龙旗科技,11457,8,,大航有能,changed
龙旗科技,11474,8,,大航有能,changed
龙旗科技,11490,8,,大航有能,changed
龙旗科技,11506,8,,大航有能,changed
龙旗科技,11523,8,,大航有能,changed
龙旗科技,11539,8,,大航有能,changed
龙旗科技,11559,8,,大航有能,changed
龙旗科技,11575,8,,大航有能,changed
龙旗科技,11590,8,,大航有能,changed
龙旗科技,11604,8,,大航有能,changed
龙旗科技,11619,8,,大航有能,changed
龙旗科技,11637,8,,大航有能,changed
龙旗科技,11660,8,,大航有能,changed
龙旗科技,11678,8,,大航有能,changed
龙旗科技,11696,8,,大航有能,changed
龙旗科技,11714,8,,大航有能,changed
龙旗科技,11732,8,,大航有能,changed
龙旗科技,11750,8,,大航有能,changed
龙旗科技,11768,8,,大航有能,changed
龙旗科技,11786,8,,大航有能,changed
龙旗科技,11804,8,,大航有能,changed
龙旗科技,11822,8,,大航有能,changed
龙旗科技,11840,8,,大航有能,changed
龙旗科技,11858,8,,大航有能,changed
龙旗科技,11876,8,,大航有能,changed
龙旗科技,11894,8,,大航有能,changed
龙旗科技,11912,8,,大航有能,changed
龙旗科技,11930,8,,大航有能,changed
龙旗科技,11948,8,,大航有能,changed
龙旗科技,11966,8,,大航有能,changed
龙旗科技,11984,8,,大航有能,changed
龙旗科技,12002,8,,大航有能,changed
龙旗科技,12020,8,,大航有能,changed
龙旗科技,12038,8,,大航有能,changed
龙旗科技,12056,8,,大航有能,changed
龙旗科技,12074,8,,大航有能,changed
龙旗科技,12092,8,,大航有能,changed
龙旗科技,12110,8,,大航有能,changed
龙旗科技,12125,8,,大航有能,changed
龙旗科技,12139,8,,大航有能,changed
龙旗科技,12154,8,,大航有能,changed
龙旗科技,12169,8,,大航有能,changed
龙旗科技,12184,8,,大航有能,changed
龙旗科技,12199,8,,大航有能,changed
龙旗科技,12214,8,,大航有能,changed
龙旗科技,12229,8,,大航有能,changed
龙旗科技,12243,8,,大航有能,changed
龙旗科技,12258,8,,大航有能,changed
龙旗科技,12273,8,,大航有能,changed
龙旗科技,12288,8,,大航有能,changed
龙旗科技,12303,8,,大航有能,changed
龙旗科技,12318,8,,大航有能,changed
龙旗科技,12333,8,,大航有能,changed
龙旗科技,12348,8,,大航有能,changed
龙旗科技,12363,8,,大航有能,changed
龙旗科技,12378,8,,大航有能,changed
龙旗科技,12393,8,,大航有能,changed
龙旗科技,12408,8,,大航有能,changed
龙旗科技,12423,8,,大航有能,changed
龙旗科技,12438,8,,大航有能,changed
龙旗科技,12452,8,,大航有能,changed
龙旗科技,12467,8,,大航有能,changed
龙旗科技,12482,8,,大航有能,changed
龙旗科技,12497,8,,大航有能,changed
龙旗科技,12512,8,,大航有能,changed
龙旗科技,12527,8,,大航有能,changed
龙旗科技,12542,8,,大航有能,changed
龙旗科技,12556,8,,大航有能,changed
龙旗科技,12570,8,,大航有能,changed
龙旗科技,12585,8,,大航有能,changed
龙旗科技,12599,8,,大航有能,changed
龙旗科技,12614,8,,大航有能,changed
龙旗科技,12629,8,,大航有能,changed
龙旗科技,12644,8,,大航有能,changed
龙旗科技,12659,8,,大航有能,changed
龙旗科技,12674,8,,大航有能,changed
龙旗科技,12689,8,,大航有能,changed
龙旗科技,12703,8,,大航有能,changed
龙旗科技,12720,8,,大航有能,changed
龙旗科技,12735,8,,大航有能,changed
龙旗科技,12750,8,,大航有能,changed
龙旗科技,12767,8,,大航有能,changed
龙旗科技,12783,8,,大航有能,changed
龙旗科技,12799,8,,大航有能,changed
龙旗科技,12815,8,,大航有能,changed
龙旗科技,12831,8,,大航有能,changed
龙旗科技,12847,8,,大航有能,changed
龙旗科技,12863,8,,大航有能,changed
龙旗科技,12879,8,,大航有能,changed
龙旗科技,12895,8,,大航有能,changed
龙旗科技,12911,8,,大航有能,changed
龙旗科技,12927,8,,大航有能,changed
龙旗科技,12943,8,,大航有能,changed
龙旗科技,12959,8,,大航有能,changed
龙旗科技,12975,8,,大航有能,changed
龙旗科技,12991,8,,大航有能,changed
龙旗科技,13007,8,,大航有能,changed
龙旗科技,13023,8,,大航有能,changed
龙旗科技,13039,8,,大航有能,changed
龙旗科技,13055,8,,大航有能,changed
龙旗科技,13076,8,,大航有能,changed
龙旗科技,13097,8,,大航有能,changed
龙旗科技,13109,8,,大航有能,changed
龙旗科技,13124,8,,大航有能,changed
龙旗科技,13137,8,,大航有能,changed
龙旗科技,13149,8,,大航有能,changed
龙旗科技,13164,8,,大航有能,changed
龙旗科技,13179,8,,大航有能,changed
龙旗科技,13201,8,,大航有能,changed
龙旗科技,13223,8,,大航有能,changed
龙旗科技,13249,8,,大航有能,changed
龙旗科技,13260,8,,大航有能,changed
